{"_wandb":{"runtime":1429},"train_samples_per_second":3.431,"train/global_step":80,"train/grad_norm":9.9375,"_runtime":1393.319754924,"train_runtime":746.1005,"total_flos":5.62925056032768e+15,"train/epoch":0.01328462304882099,"train_steps_per_second":0.107,"train/learning_rate":3e-05,"train_loss":1.7858001708984375,"_timestamp":1.7478724616156523e+09,"_step":17,"train/loss":1.6791}