{"on_eval_round_0/eval_student/eval_loss":1.3719280187017382,"on_eval_round_1/eval_ensemble/eval_samples_per_second":38.144080320481635,"on_eval_round_1/eval_ensemble/eval_steps_per_second":4.768010040060204,"on_eval_round_0/eval_teacher/eval_tokens_per_second":283.2228950822965,"on_eval_round_1/eval_student/num_tokens":110515,"on_eval_round_0/eval_teacher/eval_samples_per_second":0.27658485847880515,"on_eval_round_0/eval_teacher/eval_runtime":3.6155269145965576,"on_eval_round_1/eval_ensemble/eval_loss":1.3518767356872559,"on_eval_round_1/eval_student/eval_runtime":5.38942289352417,"on_eval_round_0/eval_teacher/eval_loss":1.0332053899765015,"on_eval_round_1/eval_ensemble/eval_runtime":0.2097311019897461,"on_eval_round_1/eval_student/eval_tokens_per_second":20505.906139373987,"on_eval_round_1/eval_ensemble/eval_tokens_per_second":25189.397041638058,"_step":2000,"on_eval_round_0/eval_student/num_tokens":108612,"on_eval_round_1/eval_student/eval_samples_per_second":37.10972472401753,"on_eval_round_1/eval_teacher/eval_tokens_per_second":283.2228950822965,"_runtime":12344.522362758,"on_eval_round_0/eval_teacher/eval_steps_per_second":0.27658485847880515,"on_eval_round_1/eval_student/eval_steps_per_second":4.6387155905021915,"on_eval_round_0/eval_student/perplexity":3.9429452419281006,"on_eval_round_0/eval_student/eval_runtime":5.39722466468811,"_timestamp":1.7482923290173934e+09,"on_eval_round_1/eval_ensemble/num_tokens":5283,"on_eval_round_0/eval_student/eval_samples_per_second":37.05608204685647,"on_eval_round_0/eval_teacher/perplexity":2.810058832168579,"on_eval_round_0/eval_teacher/num_tokens":1024,"on_eval_round_1/eval_teacher/perplexity":2.810058832168579,"on_eval_round_1/eval_teacher/num_tokens":1024,"on_eval_round_1/eval_student/eval_loss":1.40346912244313,"on_eval_round_1/eval_student/perplexity":4.069292068481445,"on_eval_round_1/eval_ensemble/perplexity":3.8646717071533203,"on_eval_round_0/eval_student/eval_tokens_per_second":20123.67591636587,"on_eval_round_1/eval_teacher/eval_loss":1.0332053899765015,"on_eval_round_1/eval_teacher/eval_runtime":3.6155269145965576,"_wandb":{"runtime":12344},"on_eval_round_1/eval_teacher/eval_steps_per_second":0.27658485847880515,"on_eval_round_0/eval_student/eval_steps_per_second":4.632010255857058,"on_eval_round_1/eval_teacher/eval_samples_per_second":0.27658485847880515}