{"round_2/ensemble_perplexity":3.8199844360351562,"round_0/ensemble_eval_loss":1.3465190320338716,"train_steps_per_second":0.005,"train_samples_per_second":0.011,"round_0/student_perplexity":3.8440210819244385,"round_1/teacher_perplexity":3.524341106414795,"round_3/ensemble_eval_loss":1.3417070019839348,"eval/samples_per_second":10.812,"on_evaluate_round_0/eval/eval_steps_per_second":4.787,"on_evaluate_round_0/eval/eval_runtime":50.9739,"total_flos":4.397852000256e+13,"round_1/ensemble_eval_loss":1.3415119746555002,"eval/loss":1.3751838207244873,"_wandb":{"runtime":6055},"round_0/train/loss":0.3382,"round_0/student_eval_loss":1.3465190320338716,"round_2/teacher_perplexity":3.524341106414795,"round_0/teacher_perplexity":3.524341106414795,"_step":51,"round_2/student_perplexity":3.908453941345215,"round_0/ensemble_perplexity":3.8440210819244385,"_timestamp":1.7482084291849563e+09,"train_loss":0.26077244281768797,"round_0/train/eval_runtime":50.9739,"train/grad_norm":1.59375,"round_1/ensemble_perplexity":3.824822187423706,"on_evaluate_round_0/eval/eval_loss":1.380103349685669,"round_0/teacher_eval_loss":1.259693487730119,"round_0/train/eval_steps_per_second":4.787,"round_0/train/grad_norm":7.15625,"round_3/teacher_perplexity":3.524341106414795,"_runtime":6053.052138789,"round_3/student_perplexity":3.9753215312957764,"train/epoch":0.00010378719473591348,"round_0/train/learning_rate":2.0000000000000003e-06,"round_3/teacher_eval_loss":1.259693487730119,"eval/steps_per_second":1.356,"round_3/ensemble_perplexity":3.825568199157715,"round_0/train/eval_samples_per_second":38.176,"round_1/teacher_eval_loss":1.259693487730119,"round_2/ensemble_eval_loss":1.3402463558106534,"round_1/student_eval_loss":1.3460090801973177,"train/global_step":10,"on_evaluate_round_0/eval/epoch":9.340847526232213e-05,"round_2/teacher_eval_loss":1.259693487730119,"train_runtime":1824.3056,"eval/runtime":179.9804,"round":3,"train/loss":0.2608,"round_0/train/epoch":0.00010378719473591348,"round_3/student_eval_loss":1.3801055577725319,"on_evaluate_round_0/eval/eval_samples_per_second":38.176,"round_0/train/eval_loss":1.380103349685669,"round_2/student_eval_loss":1.3631418488911091,"round_1/student_perplexity":3.842061758041382,"train/learning_rate":2.0000000000000003e-06}