{"train_loss":1.7216507196426392,"train_runtime":1978.0032,"round_0/eval/lm_loss_in_evaluation_loop":0.9272032976150513,"eval/loss":0.9273097515106201,"train/global_step":10,"eval/teacher_loss_in_main":1.035304307937622,"eval/steps_per_second":1.392,"train/epoch":0.0016605778811026237,"train_samples_per_second":0.162,"total_flos":7.0365632004096e+14,"train/grad_norm":22.25,"round_0/eval/kl_loss_in_evaluation_loop":0.21577557179405063,"train/learning_rate":1.8e-07,"eval/runtime":175.3383,"eval/samples_per_second":11.099,"_timestamp":1.7487409077597718e+09,"_step":21,"_wandb":{"runtime":2030},"train/loss":1.3073,"_runtime":1987.186587448,"train_steps_per_second":0.005}