{"train_samples_per_second":0.507,"train/loss":3.9434,"train_runtime":631.7365,"train/global_step":2,"total_flos":7.0365632004096e+14,"_runtime":918.799950707,"_wandb":{"runtime":971},"train_loss":3.506201887130737,"_step":25,"train/learning_rate":2e-08,"eval/steps_per_second":2.391,"eval/loss":1.4580278396606445,"_timestamp":1.748581826488354e+09,"train_steps_per_second":0.016,"eval/runtime":102.0642,"train/epoch":0.00033211557622052476,"eval/samples_per_second":19.066,"train/grad_norm":91}