{"on_evaluate_round_0/eval/epoch":9.340847526232213e-05,"round_0/train/eval_loss":1.379863977432251,"on_evaluate_round_0/eval/eval_steps_per_second":4.77,"_runtime":3865.60423718,"round_0/train/grad_norm":7.125,"train_runtime":1428.3247,"round_0/train/epoch":0.00010378719473591348,"train_samples_per_second":0.014,"round_0/teacher_eval_loss":1.259693487730119,"round_1/teacher_eval_loss":1.259693487730119,"round_1/ensemble_perplexity":3.824899673461914,"round_2/teacher_eval_loss":1.259693487730119,"round_1/student_perplexity":3.8383705615997314,"train_loss":0.2677262306213379,"train_steps_per_second":0.007,"round_0/student_eval_loss":1.3470528147001501,"round_0/train/eval_steps_per_second":4.77,"round_2/student_eval_loss":1.3641885759485395,"round_2/ensemble_perplexity":3.8199174404144287,"round_1/student_eval_loss":1.3450480046601818,"round_2/student_perplexity":3.9125468730926514,"round_0/train/eval_samples_per_second":38.044,"round_0/train/loss":0.3384,"_timestamp":1.7482173377095585e+09,"on_evaluate_round_0/eval/eval_runtime":51.1513,"round_0/ensemble_eval_loss":1.3470528147001501,"eval/samples_per_second":13.832,"round_1/ensemble_eval_loss":1.3415322102129028,"round_0/student_perplexity":3.846073627471924,"train/learning_rate":2.0000000000000003e-06,"train/global_step":10,"round_0/train/eval_runtime":51.1513,"_step":38,"round_1/teacher_perplexity":3.524341106414795,"on_evaluate_round_0/eval/eval_loss":1.379863977432251,"round_2/teacher_perplexity":3.524341106414795,"train/grad_norm":1.8359375,"train/loss":0.2677,"_wandb":{"runtime":3872},"total_flos":4.397852000256e+13,"round":2,"round_0/teacher_perplexity":3.524341106414795,"eval/steps_per_second":1.734,"eval/runtime":140.6893,"train/epoch":0.00010378719473591348,"round_2/ensemble_eval_loss":1.3402288120657186,"eval/loss":1.3738534450531006,"round_0/ensemble_perplexity":3.846073627471924,"on_evaluate_round_0/eval/eval_samples_per_second":38.044,"round_0/train/learning_rate":2.0000000000000003e-06}