{"on_evaluate_round_0/eval/eval_loss":1.3927000761032104,"on_evaluate_round_0/eval/epoch":0.0016605951157746158,"round":0,"on_evaluate_round_0/eval/eval_steps_per_second":4.762,"eval/loss":1.3870571851730347,"train_loss":2.8806352615356445,"train_samples_per_second":0.214,"_step":42,"_timestamp":1.748194663336024e+09,"_wandb":{"runtime":4035},"train_runtime":1498.3333,"train/global_step":20,"train_steps_per_second":0.013,"_runtime":3709.872465453,"eval/steps_per_second":1.73,"on_evaluate_round_0/eval/eval_samples_per_second":37.981,"total_flos":7.0365632004096e+14,"eval/samples_per_second":13.797,"eval/runtime":141.0412,"train/epoch":0.0016605951157746158,"on_evaluate_round_0/eval/eval_runtime":51.2356}