{"_step":65,"total_flos":7.0365632004096e+14,"eval/steps_per_second":1.708,"eval/loss":0.9271421432495117,"train/grad_norm":6.25,"eval/samples_per_second":13.626,"train_steps_per_second":0.006,"train/learning_rate":1.8e-07,"train_runtime":1658.5453,"eval/runtime":142.8174,"_runtime":3670.590651629,"train/global_step":10,"_wandb":{"runtime":3917},"_timestamp":1.7485568337456543e+09,"train/loss":1.434,"train_samples_per_second":0.193,"train_loss":1.8856128454208374,"train/epoch":0.0016605778811026237}