{"train_runtime":713.2883,"_timestamp":1.7479095805544522e+09,"train/grad_norm":13.375,"train_loss":1.785247802734375,"_wandb":{"runtime":1562},"train/epoch":0.0033211557622052474,"train/learning_rate":3e-05,"train/loss":1.7384,"train/global_step":20,"_step":19,"train_samples_per_second":3.589,"train_steps_per_second":0.112,"total_flos":5.62925056032768e+15,"_runtime":1562.511337417}