{"_timestamp":1.7479571971476953e+09,"_step":53,"train_samples_per_second":2.731,"train/global_step":80,"_wandb":{"runtime":4984},"train/loss":1.8082,"train_runtime":937.3539,"_runtime":4943.904494992,"train_loss":1.72308349609375,"train/epoch":0.01328462304882099,"train_steps_per_second":0.085,"total_flos":5.62925056032768e+15,"train/grad_norm":2.75,"train/learning_rate":2.5000000000000004e-07}