{"train_loss":1.7025238037109376,"train/grad_norm":3.9375,"train/learning_rate":3e-05,"_runtime":2990.460862745,"_timestamp":1.7479339352984324e+09,"_step":35,"total_flos":5.62925056032768e+15,"_wandb":{"runtime":3031},"train/epoch":0.01328462304882099,"train_samples_per_second":3.108,"train_runtime":823.7201,"train_steps_per_second":0.097,"train/global_step":80,"train/loss":1.7211}