{"train/learning_rate":1.8e-07,"round_0/eval/kl_loss":0.21579050393733468,"round_0/train/kl_loss":0.12211082130670547,"eval/runtime":175.5423,"eval/steps_per_second":1.39,"total_flos":7.0365632004096e+14,"_timestamp":1.7487353051552343e+09,"eval/teacher_loss":1.035304307937622,"eval/samples_per_second":11.086,"train/loss":1.307,"_step":112,"train_loss":1.7217814803123475,"_wandb":{"runtime":2046},"round_0/eval/lm_loss":0.9271284341812134,"eval/loss":0.9271284341812134,"train/grad_norm":22.5,"train_samples_per_second":0.162,"train_steps_per_second":0.005,"_runtime":1993.298309328,"train/global_step":10,"train_runtime":1977.9649,"train/epoch":0.0016605778811026237}