{"_timestamp":1.7478667685588973e+09,"_wandb":{"runtime":1374},"train/grad_norm":9.9375,"train/epoch":0.01328462304882099,"train_steps_per_second":0.112,"total_flos":5.62925056032768e+15,"train/loss":1.6787,"train_samples_per_second":3.57,"train_runtime":717.0399,"train_loss":1.785467529296875,"_runtime":1337.659443779,"_step":17,"train/learning_rate":3e-05,"train/global_step":80}