{"train/epoch":0.01328462304882099,"_runtime":570.17434713,"total_flos":5.62925056032768e+15,"train/grad_norm":18.75,"_timestamp":1.7478509803377552e+09,"train_samples_per_second":4.484,"train_steps_per_second":0.14,"train_runtime":570.9396,"_step":8,"train/loss":2.1015,"train/global_step":80,"train_loss":1.8314361572265625,"_wandb":{"runtime":605},"train/learning_rate":3e-05}