{"total_flos":7.0365632004096e+14,"eval/samples_per_second":10.66,"_wandb":{"runtime":5789},"train/grad_norm":46.5,"train_loss":3.672588658332825,"eval/runtime":182.5544,"train_samples_per_second":0.153,"_timestamp":1.748563645718649e+09,"train/loss":3.909,"train/global_step":10,"train_steps_per_second":0.005,"train/epoch":0.0016605778811026237,"_step":87,"eval/steps_per_second":1.337,"_runtime":5762.332463755,"eval/loss":1.4587492942810059,"train/learning_rate":1.8e-07,"train_runtime":2097.7824}