{"train/grad_norm":18.125,"eval/runtime":102.3054,"train/learning_rate":9.010526315789473e-07,"train_samples_per_second":5.823,"eval/loss":1.3893481492996216,"train_steps_per_second":0.182,"total_flos":7.0365632004096e+16,"_step":1158,"train/loss":2.2472,"_runtime":6625.906713687,"train_runtime":5495.1836,"train/epoch":0.024078379275988045,"_wandb":{"runtime":6631},"eval/steps_per_second":2.385,"eval/samples_per_second":19.021,"train/global_step":145,"train_loss":2.4777852075099944,"_timestamp":1.7485572451095624e+09}