{"_timestamp":1.7476936324179296e+09,"_wandb":{"runtime":234},"_runtime":132.529720207,"_step":0,"teacher/eval_loss":1.3539468194424984,"round":-1}