{"on_log_round_0/train/learning_rate":2e-08,"_runtime":702.397740042,"train_loss":3.6062318682670593,"eval/loss":1.454229712486267,"eval/samples_per_second":37.727,"_wandb":{"runtime":727},"train_steps_per_second":0.029,"train/epoch":0.0033211557622052474,"train_runtime":682.0921,"_step":30,"on_log_round_0/train/grad_norm":184,"total_flos":1.40731264008192e+15,"eval/runtime":51.581,"_timestamp":1.7484899700792217e+09,"train/grad_norm":153,"train_samples_per_second":0.938,"train/loss":3.0458,"train/global_step":20,"on_log_round_0/train/loss":3.6162,"train/learning_rate":3.7999999999999996e-07,"eval/steps_per_second":4.73}