{"train_runtime":22915.7359,"eval/steps_per_second":0.641,"eval/eval_loss":0.9206312298774719,"eval/loss":0.9206312298774719,"eval/eval_runtime":382.2431,"_timestamp":1.7471394339898257e+09,"_step":1001,"train_samples_per_second":0.698,"train/grad_norm":7.21875,"total_flos":3.5182816002048e+16,"_runtime":23331.9961655,"eval/epoch":0.08303578842481109,"train_steps_per_second":0.044,"train/learning_rate":2.1052631578947368e-08,"_wandb":{"runtime":23340},"eval/runtime":382.4599,"eval/samples_per_second":5.122,"train_loss":0.8570645971298217,"eval/eval_samples_per_second":5.125,"train/epoch":0.08303578842481109,"train/loss":0.8596,"eval/eval_steps_per_second":0.641,"train/global_step":1000}