{"_timestamp":1.7485819160356865e+09,"_runtime":55.501418374,"_step":0,"train/global_step":0,"eval/teacher_loss":1.0332053899765015,"_wandb":{"runtime":55}}