{"teacher/eval_loss":1.3539468194424984,"round":-1,"_timestamp":1.747953042817027e+09,"_runtime":154.846592139,"_step":0,"_wandb":{"runtime":157}}