{"eval/runtime":70.9451,"_wandb":{"runtime":6139},"train/global_step":1000,"train_runtime":5750.6913,"time/round":0,"time/round_duration_minutes":99.50986812909444,"performance/teacher_achievement_pct":94.14873883810911,"train_samples_per_second":2.782,"time/round_duration_seconds":5970.5920877456665,"_runtime":6129.525940486,"round_0/train/loss":1.9592,"time/total_elapsed_minutes":102.16462010939917,"train_steps_per_second":0.174,"train_loss":2.0532218742370607,"round":0,"ensemble/size":1,"train/grad_norm":18.75,"train/loss":1.9592,"performance/ensemble_improvement":0,"eval/samples_per_second":27.43,"eval/loss":1.3860498666763306,"round_0/train/learning_rate":2.1052631578947368e-08,"eval/steps_per_second":3.439,"_step":1003,"train/learning_rate":2.1052631578947368e-08,"time/total_elapsed_seconds":6129.87720656395,"total_flos":3.5182816002048e+16,"_timestamp":1.7477182491728415e+09,"round_0/train/epoch":0.08302975578873079,"ensemble/eval_loss":1.4380934212731629,"round_0/train/grad_norm":18.75,"student/eval_loss":1.4380934212731629,"teacher/eval_loss":1.3539468194424984,"performance/teacher_vs_ensemble_gap":-0.08414660183066447,"train/epoch":0.08302975578873079}