{"eval/loss":1.3838510513305664,"_step":113,"train_samples_per_second":0.426,"train/loss":1.9991,"train/grad_norm":2.59375,"eval/runtime":259.4781,"_timestamp":1.7481527996431465e+09,"total_flos":2.81462528016384e+15,"eval/steps_per_second":0.94,"train_steps_per_second":0.027,"_runtime":13066.503812349,"train_loss":2.169101667404175,"_wandb":{"runtime":13515},"eval/samples_per_second":7.5,"train/epoch":0.006642380463098463,"train/learning_rate":6.666666666666667e-07,"train/global_step":80,"train_runtime":3002.0682}