{"train/global_step":1000,"ensemble/size":1,"eval/steps_per_second":4.156,"_timestamp":1.7477065022599142e+09,"time/total_elapsed_minutes":66.95492379665374,"train/grad_norm":18.75,"teacher/eval_loss":1.3539468194424984,"eval/runtime":58.706,"round_0/train/grad_norm":18.75,"_runtime":4016.950886532,"_wandb":{"runtime":4021},"round_0/train/loss":1.9589,"train/learning_rate":2.1052631578947368e-08,"performance/teacher_achievement_pct":94.01992861693628,"time/total_elapsed_seconds":4017.295427799225,"round_0/train/learning_rate":2.1052631578947368e-08,"performance/teacher_vs_ensemble_gap":-0.08611683446523832,"round":0,"train/loss":1.9589,"train/epoch":0.08302975578873079,"time/round":0,"eval/samples_per_second":33.148,"train_runtime":3696.0034,"performance/ensemble_improvement":0,"train_steps_per_second":0.271,"time/round_duration_seconds":3874.975574016571,"ensemble/eval_loss":1.4400636539077367,"train_samples_per_second":4.329,"round_0/train/epoch":0.08302975578873079,"_step":1003,"time/round_duration_minutes":64.58292623360951,"total_flos":3.5182816002048e+16,"train_loss":2.0529958782196043,"eval/loss":1.386976718902588,"student/eval_loss":1.4400636539077367}