{"student/eval_loss":1.4384994127422388,"ensemble/eval_loss":1.4384994127422388,"eval/steps_per_second":4.181,"eval/loss":1.3850890398025513,"_wandb":{"runtime":4140},"total_flos":3.5182816002048e+16,"round":0,"time/round_duration_seconds":3907.603849887848,"train/grad_norm":18.875,"train/epoch":0.08302975578873079,"teacher/eval_loss":1.3539468194424984,"performance/ensemble_improvement":0,"round_0/train/epoch":0.08302975578873079,"round_0/train/learning_rate":2.1052631578947368e-08,"_step":1003,"train_loss":2.0531758499145507,"_runtime":4041.61876995,"time/total_elapsed_seconds":4044.6457979679108,"round_0/train/loss":1.9584,"performance/teacher_vs_ensemble_gap":-0.08455259329974041,"ensemble/size":1,"eval/runtime":58.3557,"time/total_elapsed_minutes":67.41076329946517,"train_runtime":3736,"train_steps_per_second":0.268,"_timestamp":1.7476986202814898e+09,"time/round_duration_minutes":65.12673083146413,"round_0/train/grad_norm":18.875,"time/round":0,"performance/teacher_achievement_pct":94.12216699216052,"train_samples_per_second":4.283,"train/loss":1.9584,"eval/samples_per_second":33.347,"train/global_step":1000,"train/learning_rate":2.1052631578947368e-08}