{"on_evaluate_round_0/eval/eval_steps_per_second":4.76,"train_loss":3.3839275360107424,"on_log_round_0/eval_runtime":51.2646,"on_log_round_0/eval_loss":1.392559289932251,"on_evaluate_round_0/eval/eval_runtime":51.2646,"on_evaluate_round_0/eval/epoch":0.0016605951157746158,"on_log_round_0/epoch":0.0016605951157746158,"train_runtime":584.0297,"train_samples_per_second":0.548,"eval/samples_per_second":37.96,"on_log_round_0/eval_samples_per_second":37.96,"on_evaluate_round_0/eval/eval_samples_per_second":37.96,"eval/loss":1.392559289932251,"eval/runtime":51.2646,"on_evaluate_round_0/eval/eval_loss":1.392559289932251,"eval/steps_per_second":4.76,"train/global_step":20,"_wandb":{"runtime":842},"total_flos":7.0365632004096e+14,"round":0,"_step":20,"_runtime":589.935795525,"_timestamp":1.7481897971259475e+09,"train/epoch":0.0016605951157746158,"on_log_round_0/eval_steps_per_second":4.76,"train_steps_per_second":0.034}