{"train_steps_per_second":0.016,"_runtime":1450.788422492,"train_loss":3.5036006927490235,"train/learning_rate":1.8e-07,"eval/teacher_loss":1.0332053899765015,"eval/runtime":102.5077,"train_runtime":634.3213,"train_samples_per_second":0.504,"_wandb":{"runtime":1453},"train/global_step":6,"total_flos":7.0365632004096e+14,"eval/steps_per_second":2.38,"eval/loss":1.4579178094863892,"_timestamp":1.7485655595130074e+09,"train/grad_norm":164,"_step":19,"eval/samples_per_second":18.984,"train/loss":3.5036,"train/epoch":0.0009963467286615742}