{"eval/runtime":415.806,"train/loss":3.232,"train/grad_norm":17.125,"on_log_round_0/train/learning_rate":2e-08,"on_log_round_0/train/loss":3.6162,"_runtime":26431.928062864,"total_flos":1.40731264008192e+15,"train/global_step":20,"train/learning_rate":3.7999999999999996e-07,"_wandb":{"runtime":26480},"_step":309,"eval/steps_per_second":0.587,"train/epoch":0.0033211557622052474,"eval/loss":1.4576101303100586,"on_log_round_0/train/grad_norm":184,"train_steps_per_second":0.004,"eval/samples_per_second":4.68,"train_runtime":4457.2054,"train_samples_per_second":0.144,"_timestamp":1.7484663283365436e+09,"train_loss":3.8812849879264832}