{"train/loss":1.7765,"_step":1001,"_runtime":3858.641121013,"train/learning_rate":2.1052631578947368e-08,"eval/loss":0.9219980239868164,"eval/samples_per_second":32.01,"train/epoch":0.08303578842481109,"eval/runtime":61.1991,"eval/eval_runtime":61.1804,"train_loss":1.8803317728042603,"train_samples_per_second":4.256,"_timestamp":1.7471929301782026e+09,"eval/eval_loss":0.9219980239868164,"eval/epoch":0.08303578842481109,"total_flos":3.5182816002048e+16,"train/grad_norm":21.25,"eval/eval_samples_per_second":32.02,"train_runtime":3759.4994,"train/global_step":1000,"train_steps_per_second":0.266,"eval/steps_per_second":4.003,"_wandb":{"runtime":3923},"eval/eval_steps_per_second":4.005}