{"_timestamp":1.747925845120672e+09,"_runtime":4977.208932057,"train/learning_rate":3e-05,"train/global_step":80,"_step":53,"train_runtime":951.0339,"train_samples_per_second":2.692,"train_loss":1.6852203369140626,"total_flos":5.62925056032768e+15,"train/loss":1.7658,"train/grad_norm":2.875,"train_steps_per_second":0.084,"_wandb":{"runtime":5022},"train/epoch":0.01328462304882099}