{"on_evaluate_round_0/eval/epoch":9.340847526232213e-05,"round_1/ensemble_perplexity":3.8206920623779297,"round_0/teacher_perplexity":3.524341106414795,"eval/runtime":101.3626,"round_0/train/loss":0.3382,"round_0/train/eval_steps_per_second":4.756,"round_0/train/eval_samples_per_second":37.934,"train_runtime":1034.5309,"eval/steps_per_second":2.407,"_timestamp":1.7482107262774768e+09,"on_evaluate_round_0/eval/eval_samples_per_second":37.934,"train_steps_per_second":0.01,"train/loss":0.346,"round_0/student_perplexity":3.842498302459717,"round_0/train/epoch":0.00010378719473591348,"_wandb":{"runtime":2112},"round_0/train/learning_rate":2.0000000000000003e-06,"eval/loss":1.3737518787384033,"round_1/teacher_perplexity":3.524341106414795,"round_0/student_eval_loss":1.3461227197684007,"on_evaluate_round_0/eval/eval_steps_per_second":4.756,"round_1/student_eval_loss":1.3444989067787625,"round_1/ensemble_eval_loss":1.3404316171468067,"train/global_step":10,"on_evaluate_round_0/eval/eval_loss":1.3796895742416382,"total_flos":4.397852000256e+13,"train/grad_norm":3.203125,"_runtime":2109.154243358,"round":1,"round_0/train/grad_norm":7.1875,"round_1/student_perplexity":3.836263656616211,"round_0/train/eval_loss":1.3796895742416382,"round_1/teacher_eval_loss":1.259693487730119,"train_samples_per_second":0.019,"train/epoch":0.00010378719473591348,"on_evaluate_round_0/eval/eval_runtime":51.2997,"round_0/ensemble_perplexity":3.842498302459717,"eval/samples_per_second":19.198,"train/learning_rate":2.0000000000000003e-06,"round_0/ensemble_eval_loss":1.3461227197684007,"round_0/teacher_eval_loss":1.259693487730119,"train_loss":0.3460085868835449,"_step":25,"round_0/train/eval_runtime":51.2997}